property_id,name,city,zip,property_type,total_units_x,year_built,total_units_y,occupied_units,avg_market_rent,avg_actual_rent,total_sqft,occupancy_rate,vacancy_rate,loss_to_lease_pct,gross_potential_rent,collected_rent,collection_rate_pct,uncollected,total_tickets,open_tickets,total_maint_cost,avg_resolution,cost_per_unit,revenue_per_unit,annual_revenue,performance_score,performance_grade
P001,Duvall Westside,Laurel,20707,Luxury Apartment,287,2023,284,198,2054.771126760563,1939.020202020202,263178,69.7,30.3,5.63,82377.0,81900.0,99.4,477.0,367,82,376113.31,285,,414.0,982800.0,80.1,A
P002,Mills Crossing,Owings Mills,21117,Townhome/Apartment,312,2018,310,207,2208.1290322580644,2054.695652173913,314742,66.8,33.2,6.95,100421.0,93934.0,93.5,6487.0,396,101,390272.79,295,,454.0,1127208.0,76.1,B
P003,Townes at Heritage Hills,Glen Burnie,21061,Townhome,198,2016,197,119,2415.3451776649745,2255.7563025210084,223665,60.4,39.6,6.61,50502.0,47758.0,94.6,2744.0,276,59,293439.37,217,,401.0,573096.0,72.4,B
P004,Fieldside Grande Ph1,Pikesville,21208,Luxury Apartment,287,2023,284,210,2050.0880281690143,1935.6809523809525,260914,73.9,26.1,5.58,75265.0,75192.0,99.9,73.0,318,60,318115.72,258,,358.0,902304.0,83.0,A
P005,Avenue Grand,Baltimore,21201,Mid-Rise Apartment,224,2020,222,146,1988.963963963964,1869.2397260273972,195447,65.8,34.2,6.02,56927.0,52076.0,91.5,4851.0,182,38,179601.2,144,,357.0,624912.0,74.8,B
P006,Cedar Ridge Commons,Ellicott City,21043,Garden Apartment,310,2015,310,215,2019.2096774193549,1881.4511627906977,282907,69.4,30.6,6.82,84640.0,81992.0,96.9,2648.0,392,73,398361.58,319,,381.0,983904.0,79.0,B
P007,Overlook at Bulle Rock,Havre de Grace,21078,Condominium,180,2019,180,116,2195.1722222222224,2064.698275862069,182502,64.4,35.6,5.94,51378.0,50347.0,98.0,1031.0,219,38,243576.21,181,,434.0,604164.0,76.2,B
P008,Riverfront Flats,Frederick,21701,Mid-Rise Apartment,260,2021,260,179,1999.05,1879.2569832402235,229062,68.8,31.2,5.99,82923.0,81370.0,98.1,1553.0,364,88,353467.41,276,,455.0,976440.0,79.1,B
